American Airlines Center;Dallas, Texas;19200
Amway Center;Orlando, Florida;18846
AT&T Center;San Antonio, Texas;18418
Ball Arena;Denver, Colorado;19520
Barclays Center;Brooklyn, New York;17732
Capital One Arena;Washington, D.C.;20356
Chase Center;San Francisco, California;18064
Crypto.com Arena;Los Angeles, California;19068
FedExForum;Memphis, Tennessee;17794
Fiserv Forum;Milwaukee, Wisconsin;17500
Footprint Center;Phoenix, Arizona;17071
FTX Arena;Miami, Florida;19600
Gainbridge Fieldhouse;Indianapolis, Indiana;17923
Golden 1 Center;Sacramento, California;17583
Little Caesars Arena;Detroit, Michigan;20332
Madison Square Garden;New York City, New York;19812
Moda Center;Portland, Oregon;19441
Paycom Center;Oklahoma City, Oklahoma;18203
Rocket Mortgage FieldHouse;Cleveland, Ohio;19432
Scotiabank Arena;Toronto, Ontario;19800
Smoothie King Center;New Orleans, Louisiana;16867
Spectrum Center;Charlotte, North Carolina;19077
State Farm Arena;Atlanta, Georgia;18118
Target Center;Minneapolis, Minnesota;18978
TD Garden;Boston, Massachusetts;19156
Toyota Center;Houston, Texas;18055
United Center;Chicago, Illinois;20917
Vivint Arena;Salt Lake City, Utah;18306
Wells Fargo Center;Philadelphia, Pennsylvania;20478
